{"accuracy": 0.8305084745762712, "precision": 0.7794117647058824, "recall": 0.9137931034482759, "f1_score": 0.8412698412698414}